<?xml version="1.0" encoding="UTF-8"?><metadata xmlns:xsi="http://www.w3.org/2001/XMLSchema-instance" xsi:noNamespaceSchemaLocation="http://www.conabio.gob.mx/informacion/gis/schemas/fgdc/fgdc-std-001.1-1999.xsd"><idinfo><citation><citeinfo><origin>CONABIO, (2011). &apos;Balaenoptera musculus (ballena azul). Distribuci&#x00F3;n conocida&apos;, Comisi&#x00F3;n Nacional para el Conocimento y Uso de la Biodiversidad. Datos obtenidos del Sistema Nacional de Informaci&#x00F3;n sobre Biodiversidad (SNIB), registros sin fecha. M&#x00E9;xico. </origin><pubdate>20110112</pubdate><title>Balaenoptera musculus (ballena azul). Distribuci&#x00F3;n conocida</title><geoform>Shapefile. Formato vectorial compuesto por 4 archivos (shp, shx, dbf,prj)</geoform><onlink>http://www.conabio.gob.mx/informacion/metadata/gis/balmusdcgw.xml?_httpcache=yes&amp;_xsl=/db/metadata/xsl/fgdc_html.xsl_indent=no</onlink></citeinfo></citation><descript><abstract>Esta especie se encuentra enlistada en la NOM-059-SEMARNAT-2010 bajo la categor&#x00ED;a de riesgo &apos;Sujeta a protecci&#x00F3;n especial&apos; (Pr) y es una especie prioritaria. El mapa representa la distribuci&#x00F3;n conocida hist&#x00F3;rica y actual de la especie, en el cual se encuentran las localidades en las que se ha documentado su presencia. Los 13 registros de ejemplares provienen de diferentes fuentes tales como colecciones cient&#x00ED;ficas, colectas en campo y fuentes bibliogr&#x00E1;ficas, y son resultado de los proyectos apoyados por la Comisi&#x00F3;n Nacional para el Conocimiento y Uso de la Biodiversidad. Por otra parte, la Comisi&#x00F3;n Nacional de &#x00C1;reas Naturales Protegidas (CONANP) seleccion&#x00F3; 51 especies a las que denomin&#x00F3; como especies prioritarias, para las cuales se est&#x00E1;n desarrollando Programas de Acci&#x00F3;n y Conservaci&#x00F3;n de las Especies (PACE) entre las especies seleccionadas se encuentra Balaenoptera musculus.</abstract><purpose>Representar la distribuci&#x00F3;n conocida de las especies que se encuentran enlistadas en la NOM-059-SEMARNAT-2010 bajo alguna categor&#x00ED;a de riesgo y prioritarias para la CONANP.</purpose><supplinf>Mapa elaborado por: Ge&#x00F3;g. Edgar Leobardo Saavedra C&#x00E1;rdenas.</supplinf></descript><timeperd><timeinfo><sngdate><caldate>00000000</caldate></sngdate></timeinfo><current>Enero 2011</current></timeperd><status><progress>Complete</progress><update>No planeado</update></status><spdom><descgeog>Baja California Sur, Baja California, Sonora</descgeog><bounding><westbc>-114.804</westbc><eastbc>-109.577</eastbc><northbc>31.046</northbc><southbc>22.883</southbc></bounding></spdom><keywords><theme><themekt>CNB.ACCESO</themekt><themekey>publico</themekey></theme><theme><themekt>CNB.LICENCIA</themekt><themekey>CC_BY_NC_2.5_MX</themekey></theme><theme><themekt>CNB.VISIBILIDAD</themekt><themekey>0</themekey><themekey>10</themekey></theme><theme><themekt>ESTRUCTURA</themekt><themekey>biodiv</themekey><themekey>spryp</themekey><themekey>pr_spe</themekey><themekey>prmamma</themekey><themekey>prcetacea</themekey><themekey>balmusdcgw</themekey></theme><theme><themekt>CNB.ESCALA</themekt><themekey>No conocido</themekey></theme><theme><themekt>CONABIO</themekt><themekey>Balaenoptera musculus</themekey><themekey>ballena azul</themekey><themekey>Biodiversidad</themekey><themekey>Distribuci&#x00F3;n conocida</themekey><themekey>Especie prioritaria</themekey><themekey>Mam&#x00ED;feros</themekey><themekey>NOM-059-SEMARNAT-2010</themekey><themekey>P044</themekey><themekey>P104</themekey><themekey>SNIB</themekey><themekey>Sujeta a protecci&#x00F3;n especial</themekey></theme><place><placekt>CONABIO</placekt><placekey>Baja California</placekey><placekey>Baja California Sur</placekey><placekey>Sonora</placekey></place></keywords><taxonomy><keywtax><taxonkt>Taxon_CONABIO</taxonkt><taxonkey>Mammalia</taxonkey><taxonkey>Cetacea</taxonkey><taxonkey>Balaenopteridae</taxonkey><taxonkey>Balaenoptera</taxonkey><taxonkey>Balaenoptera musculus</taxonkey><taxonkey>ballena azul</taxonkey></keywtax><taxonsys><classsys><classcit><citeinfo><origin>Wilson, D. E., D. M. Reeder, (1993), &apos;Mammals species of the world: A taxomomic and geographic reference&apos;, Smithsonian Institution Press, Washington D.C..</origin><pubdate>19930000</pubdate><title>&apos;Mammals species of the world: A taxomomic and geographic reference&apos;</title><geoform>No conocido</geoform></citeinfo></classcit></classsys><taxonpro>No conocido</taxonpro></taxonsys><taxongen>Mam&#x00ED;feros</taxongen><taxoncl><taxonrn>Reino</taxonrn><taxonrv>Animalia</taxonrv><taxoncl><taxonrn>Division</taxonrn><taxonrv>Chordata</taxonrv><taxoncl><taxonrn>Clase</taxonrn><taxonrv>Mammalia</taxonrv><taxoncl><taxonrn>Orden</taxonrn><taxonrv>Cetacea</taxonrv><taxoncl><taxonrn>Familia</taxonrn><taxonrv>Balaenopteridae</taxonrv><taxoncl><taxonrn>Genero</taxonrn><taxonrv>Balaenoptera</taxonrv><taxoncl><taxonrn>Especie</taxonrn><taxonrv>Balaenoptera musculus</taxonrv><common>ballena azul</common></taxoncl></taxoncl></taxoncl></taxoncl></taxoncl></taxoncl></taxoncl></taxonomy><accconst>Sin restricciones</accconst><useconst>No se permite utilizar estos datos con fines lucrativos y se debe citar la fuente del mapa y a CONABIO. Ver la licencia completa en http://creativecommons.org/licenses/by-nc/2.5/mx/</useconst><browse><browsen>http://www.conabio.gob.mx/informacion/gis/layouts/balmusdcgw.png</browsen><browsed>Mapa ilustrativo de Balaenoptera musculus (ballena azul). Distribuci&#x00F3;n conocida. La proyecci&#x00F3;n citada, es exclusiva para el dise&#x00F1;o de esta imagen.</browsed><browset>png</browset></browse><native>SIG ArcView, Microsoft Windows XP Profesional</native></idinfo><dataqual><logic>Gabinete</logic><complete>Generaci&#x00F3;n de mapas de distribuci&#x00F3;n conocida de las especies en riesgo enlistadas en la NOM-059-SEMARNAT-2010 a partir de los registros de las localidades obtenidas del Sistema Nacional de Informaci&#x00F3;n sobre Biodiversidad (SNIB), con la herramienta Arcview.</complete><lineage><srcinfo><srccite><citeinfo><origin>No conocido</origin><pubdate>00000000</pubdate><title>No conocido</title><geoform>No conocido</geoform></citeinfo></srccite><srcscale>9999999</srcscale><typesrc>Digital</typesrc><srctime><timeinfo><sngdate><caldate>00000000</caldate></sngdate></timeinfo><srccurr>No conocido</srccurr></srctime><srccitea>No conocido</srccitea><srccontr>Findley, L. T., Hendrickx, M. E., Brusca, R. C., Van der Heiden, A. M., Hastings, P. A., J. Torre., (1998), &apos;Formaci&#x00F3;n de una base de datos de la biodiversidad de fauna marina y costera en el Golfo de California&apos;, Centro de Investigaci&#x00F3;n y Desarrollo de los Recursos Naturales de Sonora, Bases de datos SNIB-CONABIO. Proyecto P104, http://www.conabio.gob.mx/institucion/cgi-bin/datos.cgi?Letras=P&amp;Numero=104, M&#x00E9;xico.</srccontr></srcinfo><srcinfo><srccite><citeinfo><origin>No conocido</origin><pubdate>00000000</pubdate><title>No conocido</title><geoform>No conocido</geoform></citeinfo></srccite><srcscale>9999999</srcscale><typesrc>Digital</typesrc><srctime><timeinfo><sngdate><caldate>00000000</caldate></sngdate></timeinfo><srccurr>No conocido</srccurr></srctime><srccitea>No conocido</srccitea><srccontr>Contrera-Espinosa, F., (1998), Centro de documentaci&#x00F3;n de ecosistemas litorales mexicanos. Universidad Aut&#x00F3;noma Metropolitana Unidad Iztapalapa, Bases de datos SNIB-CONABIO proyecto P044, http://www.conabio.gob.mx/institucion/cgi-bin/datos.cgi?Letras=P&amp;Numero=44, </srccontr></srcinfo><procstep><procdesc>A) La informaci&#x00F3;n primaria de las especies se obtuvo de los datos no restringidos del SNIB. B) Se depuraron los datos de origen, dejando solo registros georreferenciados v&#x00E1;lidos. C) Los datos depurados se importaron al programa Arcview 3.3 para cambiar la informaci&#x00F3;n al datum WGS84 y generar el mapa. D) Se verific&#x00F3; la distribuci&#x00F3;n espacial, sobreponiendo las localidades en un mapa de la Rep&#x00FA;blica Mexicana escala 1:1, 000,000. Posteriormente estos registros fueron revisados y depurados identificando los puntos que no correspond&#x00ED;an a la distribuci&#x00F3;n de la especie. E) Se gener&#x00F3; el mapa final de la especie.</procdesc><procdate>00000000</procdate></procstep></lineage></dataqual><spdoinfo><direct>Vector</direct><ptvctinf><sdtsterm ><sdtstype>Point</sdtstype><ptvctcnt>13</ptvctcnt></sdtsterm></ptvctinf></spdoinfo><spref><horizsys><geograph><latres>0.0174532925199433</latres><longres>0.0174532925199433</longres><geogunit>Decimal degrees</geogunit></geograph><geodetic><horizdn>WGS84</horizdn><ellips>WGS84</ellips><semiaxis>6378137.000000</semiaxis><denflat>298.257224</denflat></geodetic></horizsys></spref><eainfo><detailed><enttyp><enttypl>BALMUSDCGW.DBF</enttypl><enttypd>Balaenoptera musculus (ballena azul). Distribuci&#x00F3;n conocida</enttypd><enttypds>No conocido</enttypds></enttyp><attr><attrlabl>Id</attrlabl><attrdef>Num&#x00E9;rico</attrdef><attrdefs>Atributo por definici&#x00F3;n del mapa</attrdefs><attrdomv><udom>N&#x00FA;mero correspondiente al valor &#x00FA;nico de cada registro de la especie en la tabla de atributos.</udom></attrdomv></attr><attr><attrlabl>Idsnib</attrlabl><attrdef>Num&#x00E9;rico</attrdef><attrdefs>SNIB</attrdefs><attrdomv><udom>N&#x00FA;mero correspondiente al registro &#x00FA;nico de la especie en el SNIB.</udom></attrdomv></attr><attr><attrlabl>Longitud</attrlabl><attrdef>Num&#x00E9;rico</attrdef><attrdefs>SNIB</attrdefs><attrdomv><udom>Longitud expresada en grados decimales.</udom></attrdomv><attrvai><attrva>1</attrva><attrvae>Grados decimales</attrvae></attrvai></attr><attr><attrlabl>Latitud</attrlabl><attrdef>Num&#x00E9;rico</attrdef><attrdefs>SNIB</attrdefs><attrdomv><udom>Latitud expresada en grados decimales.</udom></attrdomv><attrvai><attrva>1</attrva><attrvae>Grados decimales</attrvae></attrvai></attr><attr><attrlabl>Genero</attrlabl><attrdef>Car&#x00E1;cter</attrdef><attrdefs>SNIB</attrdefs><attrdomv><udom>Nombre correspondiente al g&#x00E9;nero.</udom></attrdomv></attr><attr><attrlabl>Especie</attrlabl><attrdef>Car&#x00E1;cter</attrdef><attrdefs>SNIB</attrdefs><attrdomv><udom>Nombre correspondiente a la especie.</udom></attrdomv></attr><attr><attrlabl>Autorsp</attrlabl><attrdef>Car&#x00E1;cter</attrdef><attrdefs>SNIB</attrdefs><attrdomv><udom>Nombre del autor de la especie.</udom></attrdomv></attr><attr><attrlabl>Aniosp</attrlabl><attrdef>Num&#x00E9;rico</attrdef><attrdefs>SNIB</attrdefs><attrdomv><udom>A&#x00F1;o de descripci&#x00F3;n de la especie.</udom></attrdomv></attr><attr><attrlabl>Categinfra</attrlabl><attrdef>Car&#x00E1;cter</attrdef><attrdefs>SNIB</attrdefs><attrdomv><udom>Nombre correspondiente a la categor&#x00ED;a infraespec&#x00ED;fica (subespecie, variedad o forma).</udom></attrdomv></attr><attr><attrlabl>Nombreinfr</attrlabl><attrdef>Car&#x00E1;cter</attrdef><attrdefs>SNIB</attrdefs><attrdomv><udom>Nombre correspondiente a la subespecie.</udom></attrdomv></attr><attr><attrlabl>Autorinfsp</attrlabl><attrdef>Car&#x00E1;cter</attrdef><attrdefs>SNIB</attrdefs><attrdomv><udom>Nombre del autor de la subespecie.</udom></attrdomv></attr><attr><attrlabl>Anioinfsp</attrlabl><attrdef>Num&#x00E9;rico</attrdef><attrdefs>SNIB</attrdefs><attrdomv><udom>A&#x00F1;o de descripci&#x00F3;n de la subespecie.</udom></attrdomv></attr><attr><attrlabl>Nombrecomu</attrlabl><attrdef>Car&#x00E1;cter</attrdef><attrdefs>SNIB</attrdefs><attrdomv><udom>Nombre com&#x00FA;n de la especie.</udom></attrdomv></attr><attr><attrlabl>Estado</attrlabl><attrdef>Car&#x00E1;cter</attrdef><attrdefs>SNIB</attrdefs><attrdomv><udom>Nombre del Estado donde se ha registrado la especie.</udom></attrdomv></attr><attr><attrlabl>Municipio</attrlabl><attrdef>Car&#x00E1;cter</attrdef><attrdefs>SNIB</attrdefs><attrdomv><udom>Nombre del municipio donde se ha registrado la especie.</udom></attrdomv></attr><attr><attrlabl>Localidad</attrlabl><attrdef>Car&#x00E1;cter</attrdef><attrdefs>SNIB</attrdefs><attrdomv><udom>Nombre de la localidad donde se ha registrado la especie.</udom></attrdomv></attr><attr><attrlabl>Diacolecta</attrlabl><attrdef>Num&#x00E9;rico</attrdef><attrdefs>SNIB</attrdefs><attrdomv><udom>N&#x00FA;mero correspondiente al d&#x00ED;a de colecta del ejemplar.</udom></attrdomv></attr><attr><attrlabl>Mescolecta</attrlabl><attrdef>Num&#x00E9;rico</attrdef><attrdefs>SNIB</attrdefs><attrdomv><udom>N&#x00FA;mero correspondiente al mes de colecta del ejemplar.</udom></attrdomv></attr><attr><attrlabl>Aniocolect</attrlabl><attrdef>Num&#x00E9;rico</attrdef><attrdefs>SNIB</attrdefs><attrdomv><udom>N&#x00FA;mero correspondiente al a&#x00F1;o de colecta del ejemplar.</udom></attrdomv></attr><attr><attrlabl>Ambiente</attrlabl><attrdef>Car&#x00E1;cter</attrdef><attrdefs>SNIB</attrdefs><attrdomv><udom>Ambiente en el que se desarrolla la especie.</udom></attrdomv></attr><attr><attrlabl>Habitat</attrlabl><attrdef>Car&#x00E1;cter</attrdef><attrdefs>SNIB</attrdefs><attrdomv><udom>H&#x00E1;bitat en el que se desarrolla la especie.</udom></attrdomv></attr><attr><attrlabl>Nom059_10</attrlabl><attrdef>Car&#x00E1;cter</attrdef><attrdefs>SNIB</attrdefs><attrdomv><udom>Categor&#x00ED;a de riesgo de la especie de acuerdo a la NOM-059-SEMARNAT-2010.</udom></attrdomv></attr><attr><attrlabl>Proyecto</attrlabl><attrdef>Car&#x00E1;cter</attrdef><attrdefs>SNIB</attrdefs><attrdomv><udom>Clave correspondiente al proyecto que pertenece al SNIB</udom></attrdomv></attr></detailed></eainfo><distinfo><distrib><cntinfo><cntorgp><cntorg>CONABIO</cntorg><cntper>Jose Manuel Davila Rosas</cntper></cntorgp><cntpos>Subdirector de Sistemas de Informaci&#x00F3;n Geogr&#x00E1;fica</cntpos><cntaddr><addrtype>mailing and physical address</addrtype><address>Liga Perif&#x00E9;rico Insurgentes Sur Num. 4903 1er piso. Col. Parques del Pedregal. Delg. Tlalpan</address><city>Ciudad de M&#x00E9;xico</city><state>D.F.</state><postal>14010</postal><country>M&#x00E9;xico</country></cntaddr><cntvoice>50045012</cntvoice><cntfax>50044931</cntfax><cntemail>jdavila@conabio.gob.mx</cntemail><hours>Lunes a Viernes de las 8 hasta 18 hrs.</hours></cntinfo></distrib><resdesc>balmusdcgw</resdesc><distliab>La Subdirecci&#x00F3;n de Sistemas de Informaci&#x00F3;n Geogr&#x00E1;fica de la CONABIO solo se hace responsable de la informaci&#x00F3;n presentada en el mapa y se deslinda del uso que se le de a la misma.</distliab><stdorder><digform><digtinfo><formname>ESRI Shapefile (SHP)</formname><formverd>199807</formverd><filedec>compactado en ZIP</filedec><transize>1.00</transize></digtinfo><digtopt><onlinopt><computer><networka><networkr> http://www.conabio.gob.mx/informacion/gis/maps/geo/balmusdcgw.zip</networkr></networka></computer><accinstr>Coordenadas geogr&#x00E1;ficas WGS84. (EPSG:4326). Formato vectorial de almacenamiento de elementos geogr&#x00E1;ficos y sus atributos asociados. </accinstr></onlinopt></digtopt></digform><digform><digtinfo><formname>Google Earth (KML)</formname><formvern>2.2</formvern><filedec>compactado como KMZ</filedec></digtinfo><digtopt><onlinopt><computer><networka><networkr> http://www.conabio.gob.mx/informacion/gis/maps/kmz/balmusdcgw.kmz</networkr></networka></computer><accinstr>Coordenadas geogr&#x00E1;ficas WGS84. (EPSG:4326). Los archivos KML representan datos geogr&#x00E1;ficos para Google Earth, a menudo suelen distribuirse comprimidos como KMZ.</accinstr></onlinopt></digtopt></digform><digform><digtinfo><formname>CNB.GEO.TMS</formname><formvern>1.0.0</formvern><formspec>PNG</formspec></digtinfo><digtopt><onlinopt><computer><networka><networkr>http://wms0.conabio.gob.mx/balmusdcgw.py/</networkr><networkr>http://wms1.conabio.gob.mx/balmusdcgw.py/</networkr><networkr>http://wms2.conabio.gob.mx/balmusdcgw.py/</networkr></networka></computer></onlinopt></digtopt></digform><digform><digtinfo><formname>Servicio de im&#x00E1;genes (WMS)</formname><formvern>1.1.1</formvern></digtinfo><digtopt><onlinopt><computer><networka><networkr>http://www.conabio.gob.mx/informacion/explorer/wms?Format=image.png&amp;request=GetMap&amp;version=1.1.1&amp;width=800&amp;height=424&amp;srs=EPSG:4326&amp;bbox=-120.0,13.8,-85.1,33.5&amp;layers=balmusdcgw</networkr></networka></computer><accinstr>Coordenadas geogr&#x00E1;ficas WGS84. (EPSG:4326). Servicio Web Map Service. Los mapas de datos referenciados espacialmente producidos se generan normalmente en un formato de imagen como PNG,.png o JPEG, pueden se vistos en un SIG </accinstr></onlinopt></digtopt></digform><digform><digtinfo><formname>Mapa digital interactivo</formname><formvern>1.0</formvern></digtinfo><digtopt><onlinopt><computer><networka><networkr>http://www.conabio.gob.mx/informacion/gis/?vns=gis_root/biodiv/spryp/pr_spe/prmamma/prcetacea/balmusdcgw</networkr></networka></computer><accinstr>Coordenadas geogr&#x00E1;ficas WGS84. (EPSG:4326)</accinstr></onlinopt></digtopt></digform><fees>Acceso libre sin ning&#x00FA;n cargo al p&#x00FA;blico en general.</fees></stdorder><techpreq>Tener Arc-Info, Arcview o sistemas compatibles, en caso que existan se pueden visualizar en Google Earth KML y/o conexi&#x00F3;n al servicio WMS.</techpreq></distinfo><metainfo><metd>20120817</metd><metc><cntinfo><cntorgp><cntorg>CONABIO</cntorg><cntper>Sonia Careaga Olvera (DTAP)</cntper></cntorgp><cntpos>Administrador de Metadatos</cntpos><cntaddr><addrtype>mailing and physical address</addrtype><address>Liga Perif&#x00E9;rico Insurgentes Sur Num. 4903 1er piso. Col. Parques del Pedregal. Delg. Tlalpan</address><city>Ciudad de M&#x00E9;xico</city><state>D.F.</state><postal>14010</postal><country>M&#x00E9;xico</country></cntaddr><cntvoice>10 55 5004 4866</cntvoice><cntfax>50044931</cntfax><cntemail>scarreaga@conabio.gob.mx</cntemail><hours>Lunes a Viernes de 8 a 18 hrs.</hours></cntinfo></metc><metstdn>FGDC Biological Data Profile of the Content Standard for Digital Geospatial Metadata</metstdn><metstdv>FGDC-STD-001.1-1999</metstdv></metainfo></metadata>